id,Percentile_Rank,Rapid_Letter_Naming,Scaled_Score,Min_Months,Max_Months,is_max,is_min
,0,45,1,144,155,TRUE,FALSE
,0,44,2,144,155,FALSE,FALSE
,0,43,2,144,155,FALSE,FALSE
,0,42,2,144,155,FALSE,FALSE
,0,41,2,144,155,FALSE,FALSE
,0,40,2,144,155,FALSE,FALSE
,0,39,2,144,155,FALSE,FALSE
,0,38,2,144,155,FALSE,FALSE
,0,37,2,144,155,FALSE,FALSE
,0,36,2,144,155,FALSE,FALSE
,0,35,2,144,155,FALSE,FALSE
,1,34,3,144,155,FALSE,FALSE
,1,33,3,144,155,FALSE,FALSE
,1,32,3,144,155,FALSE,FALSE
,1,31,3,144,155,FALSE,FALSE
,1,30,3,144,155,FALSE,FALSE
,1,29,3,144,155,FALSE,FALSE
,1,28,3,144,155,FALSE,FALSE
,1,27,3,144,155,FALSE,FALSE
,2,26,4,144,155,FALSE,FALSE
,2,25,4,144,155,FALSE,FALSE
,2,24,4,144,155,FALSE,FALSE
,2,23,4,144,155,FALSE,FALSE
,2,22,4,144,155,FALSE,FALSE
,5,21,5,144,155,FALSE,FALSE
,5,20,5,144,155,FALSE,FALSE
,9,19,6,144,155,FALSE,FALSE
,9,18,6,144,155,FALSE,FALSE
,16,17,7,144,155,FALSE,FALSE
,25,16,8,144,155,FALSE,FALSE
,37,15,9,144,155,FALSE,FALSE
,50,14,10,144,155,FALSE,FALSE
,63,13,11,144,155,FALSE,FALSE
,75,12,12,144,155,FALSE,FALSE
,84,11,13,144,155,FALSE,FALSE
,91,10,14,144,155,FALSE,FALSE
,95,9,15,144,155,FALSE,FALSE
,98,8,16,144,155,FALSE,FALSE
,99,7,17,144,155,FALSE,FALSE
,100,6,18,144,155,FALSE,FALSE
,100,5,19,144,155,FALSE,FALSE
,100,4,19,144,155,FALSE,FALSE
,100,3,19,144,155,FALSE,FALSE
,100,2,19,144,155,FALSE,FALSE
,100,1,19,144,155,FALSE,FALSE
,100,0,19,144,155,FALSE,TRUE
,2,116,4,52,55,TRUE,FALSE
,5,115,5,52,55,FALSE,FALSE
,5,114,5,52,55,FALSE,FALSE
,9,113,6,52,55,FALSE,FALSE
,9,112,6,52,55,FALSE,FALSE
,9,111,6,52,55,FALSE,FALSE
,9,110,6,52,55,FALSE,FALSE
,9,109,6,52,55,FALSE,FALSE
,9,108,6,52,55,FALSE,FALSE
,9,107,6,52,55,FALSE,FALSE
,9,106,6,52,55,FALSE,FALSE
,9,105,6,52,55,FALSE,FALSE
,9,104,6,52,55,FALSE,FALSE
,9,103,6,52,55,FALSE,FALSE
,9,102,6,52,55,FALSE,FALSE
,9,101,6,52,55,FALSE,FALSE
,9,100,6,52,55,FALSE,FALSE
,9,99,6,52,55,FALSE,FALSE
,16,98,7,52,55,FALSE,FALSE
,16,97,7,52,55,FALSE,FALSE
,16,96,7,52,55,FALSE,FALSE
,16,95,7,52,55,FALSE,FALSE
,16,94,7,52,55,FALSE,FALSE
,16,93,7,52,55,FALSE,FALSE
,16,92,7,52,55,FALSE,FALSE
,16,91,7,52,55,FALSE,FALSE
,16,90,7,52,55,FALSE,FALSE
,16,89,7,52,55,FALSE,FALSE
,16,88,7,52,55,FALSE,FALSE
,25,87,8,52,55,FALSE,FALSE
,25,86,8,52,55,FALSE,FALSE
,25,85,8,52,55,FALSE,FALSE
,25,84,8,52,55,FALSE,FALSE
,25,83,8,52,55,FALSE,FALSE
,25,82,8,52,55,FALSE,FALSE
,25,81,8,52,55,FALSE,FALSE
,25,80,8,52,55,FALSE,FALSE
,25,79,8,52,55,FALSE,FALSE
,37,78,9,52,55,FALSE,FALSE
,37,77,9,52,55,FALSE,FALSE
,37,76,9,52,55,FALSE,FALSE
,37,75,9,52,55,FALSE,FALSE
,37,74,9,52,55,FALSE,FALSE
,37,73,9,52,55,FALSE,FALSE
,37,72,9,52,55,FALSE,FALSE
,50,71,10,52,55,FALSE,FALSE
,50,70,10,52,55,FALSE,FALSE
,50,69,10,52,55,FALSE,FALSE
,50,68,10,52,55,FALSE,FALSE
,50,67,10,52,55,FALSE,FALSE
,50,66,10,52,55,FALSE,FALSE
,63,65,11,52,55,FALSE,FALSE
,63,64,11,52,55,FALSE,FALSE
,63,63,11,52,55,FALSE,FALSE
,63,62,11,52,55,FALSE,FALSE
,63,61,11,52,55,FALSE,FALSE
,63,60,11,52,55,FALSE,FALSE
,63,59,11,52,55,FALSE,FALSE
,75,58,12,52,55,FALSE,FALSE
,75,57,12,52,55,FALSE,FALSE
,75,56,12,52,55,FALSE,FALSE
,75,55,12,52,55,FALSE,FALSE
,75,54,12,52,55,FALSE,FALSE
,75,53,12,52,55,FALSE,FALSE
,75,52,12,52,55,FALSE,FALSE
,84,51,13,52,55,FALSE,FALSE
,84,50,13,52,55,FALSE,FALSE
,84,49,13,52,55,FALSE,FALSE
,84,48,13,52,55,FALSE,FALSE
,84,47,13,52,55,FALSE,FALSE
,84,46,13,52,55,FALSE,FALSE
,91,45,14,52,55,FALSE,FALSE
,91,44,14,52,55,FALSE,FALSE
,91,43,14,52,55,FALSE,FALSE
,91,42,14,52,55,FALSE,FALSE
,91,41,14,52,55,FALSE,FALSE
,91,40,14,52,55,FALSE,FALSE
,91,39,14,52,55,FALSE,FALSE
,91,38,14,52,55,FALSE,FALSE
,91,37,14,52,55,FALSE,FALSE
,91,36,14,52,55,FALSE,FALSE
,91,35,14,52,55,FALSE,FALSE
,95,34,15,52,55,FALSE,FALSE
,95,33,15,52,55,FALSE,FALSE
,95,32,15,52,55,FALSE,FALSE
,95,31,15,52,55,FALSE,FALSE
,95,30,15,52,55,FALSE,FALSE
,95,29,15,52,55,FALSE,FALSE
,95,28,15,52,55,FALSE,FALSE
,95,27,15,52,55,FALSE,FALSE
,98,26,16,52,55,FALSE,FALSE
,98,25,16,52,55,FALSE,FALSE
,98,24,16,52,55,FALSE,FALSE
,98,23,16,52,55,FALSE,FALSE
,98,22,16,52,55,FALSE,FALSE
,98,21,16,52,55,FALSE,FALSE
,98,20,16,52,55,FALSE,FALSE
,99,19,17,52,55,FALSE,FALSE
,99,18,17,52,55,FALSE,FALSE
,99,17,17,52,55,FALSE,FALSE
,99,16,17,52,55,FALSE,FALSE
,99,15,17,52,55,FALSE,FALSE
,100,14,18,52,55,FALSE,FALSE
,100,13,19,52,55,FALSE,FALSE
,100,12,20,52,55,FALSE,TRUE
,2,117,4,48,51,TRUE,FALSE
,5,116,5,48,51,FALSE,FALSE
,5,115,5,48,51,FALSE,FALSE
,5,114,5,48,51,FALSE,FALSE
,5,113,5,48,51,FALSE,FALSE
,5,112,5,48,51,FALSE,FALSE
,5,111,5,48,51,FALSE,FALSE
,5,110,5,48,51,FALSE,FALSE
,5,109,5,48,51,FALSE,FALSE
,5,108,5,48,51,FALSE,FALSE
,9,107,6,48,51,FALSE,FALSE
,9,106,6,48,51,FALSE,FALSE
,9,105,6,48,51,FALSE,FALSE
,9,104,6,48,51,FALSE,FALSE
,9,103,6,48,51,FALSE,FALSE
,9,102,6,48,51,FALSE,FALSE
,9,101,6,48,51,FALSE,FALSE
,16,100,7,48,51,FALSE,FALSE
,16,99,7,48,51,FALSE,FALSE
,16,98,7,48,51,FALSE,FALSE
,16,97,7,48,51,FALSE,FALSE
,16,96,7,48,51,FALSE,FALSE
,16,95,7,48,51,FALSE,FALSE
,16,94,7,48,51,FALSE,FALSE
,16,93,7,48,51,FALSE,FALSE
,16,92,7,48,51,FALSE,FALSE
,16,91,7,48,51,FALSE,FALSE
,16,90,7,48,51,FALSE,FALSE
,25,89,8,48,51,FALSE,FALSE
,25,88,8,48,51,FALSE,FALSE
,25,87,8,48,51,FALSE,FALSE
,25,86,8,48,51,FALSE,FALSE
,25,85,8,48,51,FALSE,FALSE
,25,84,8,48,51,FALSE,FALSE
,25,83,8,48,51,FALSE,FALSE
,25,82,8,48,51,FALSE,FALSE
,25,81,8,48,51,FALSE,FALSE
,37,80,9,48,51,FALSE,FALSE
,37,79,9,48,51,FALSE,FALSE
,37,78,9,48,51,FALSE,FALSE
,37,77,9,48,51,FALSE,FALSE
,37,76,9,48,51,FALSE,FALSE
,37,75,9,48,51,FALSE,FALSE
,37,74,9,48,51,FALSE,FALSE
,50,73,10,48,51,FALSE,FALSE
,50,72,10,48,51,FALSE,FALSE
,50,71,10,48,51,FALSE,FALSE
,50,70,10,48,51,FALSE,FALSE
,50,69,10,48,51,FALSE,FALSE
,50,68,10,48,51,FALSE,FALSE
,63,67,11,48,51,FALSE,FALSE
,63,66,11,48,51,FALSE,FALSE
,63,65,11,48,51,FALSE,FALSE
,63,64,11,48,51,FALSE,FALSE
,63,63,11,48,51,FALSE,FALSE
,63,62,11,48,51,FALSE,FALSE
,63,61,11,48,51,FALSE,FALSE
,75,60,12,48,51,FALSE,FALSE
,75,59,12,48,51,FALSE,FALSE
,75,58,12,48,51,FALSE,FALSE
,75,57,12,48,51,FALSE,FALSE
,75,56,12,48,51,FALSE,FALSE
,75,55,12,48,51,FALSE,FALSE
,75,54,12,48,51,FALSE,FALSE
,84,53,13,48,51,FALSE,FALSE
,84,52,13,48,51,FALSE,FALSE
,84,51,13,48,51,FALSE,FALSE
,84,50,13,48,51,FALSE,FALSE
,84,49,13,48,51,FALSE,FALSE
,84,48,13,48,51,FALSE,FALSE
,91,47,14,48,51,FALSE,FALSE
,91,46,14,48,51,FALSE,FALSE
,91,45,14,48,51,FALSE,FALSE
,91,44,14,48,51,FALSE,FALSE
,91,43,14,48,51,FALSE,FALSE
,91,42,14,48,51,FALSE,FALSE
,91,41,14,48,51,FALSE,FALSE
,91,40,14,48,51,FALSE,FALSE
,91,39,14,48,51,FALSE,FALSE
,91,38,14,48,51,FALSE,FALSE
,91,37,14,48,51,FALSE,FALSE
,95,36,15,48,51,FALSE,FALSE
,95,35,15,48,51,FALSE,FALSE
,95,34,15,48,51,FALSE,FALSE
,95,33,15,48,51,FALSE,FALSE
,95,32,15,48,51,FALSE,FALSE
,95,31,15,48,51,FALSE,FALSE
,95,30,15,48,51,FALSE,FALSE
,95,29,15,48,51,FALSE,FALSE
,98,28,16,48,51,FALSE,FALSE
,98,27,16,48,51,FALSE,FALSE
,98,26,16,48,51,FALSE,FALSE
,98,25,16,48,51,FALSE,FALSE
,98,24,16,48,51,FALSE,FALSE
,98,23,16,48,51,FALSE,FALSE
,98,22,16,48,51,FALSE,FALSE
,99,21,17,48,51,FALSE,FALSE
,99,20,17,48,51,FALSE,FALSE
,99,19,17,48,51,FALSE,FALSE
,99,18,17,48,51,FALSE,FALSE
,99,17,17,48,51,FALSE,FALSE
,100,16,18,48,51,FALSE,FALSE
,100,15,18,48,51,FALSE,FALSE
,100,14,19,48,51,FALSE,FALSE
,100,13,20,48,51,FALSE,TRUE
,1,118,3,60,65,TRUE,FALSE
,2,117,4,60,65,FALSE,FALSE
,2,116,4,60,65,FALSE,FALSE
,2,115,4,60,65,FALSE,FALSE
,2,114,4,60,65,FALSE,FALSE
,2,113,4,60,65,FALSE,FALSE
,2,112,4,60,65,FALSE,FALSE
,2,111,4,60,65,FALSE,FALSE
,2,110,4,60,65,FALSE,FALSE
,2,109,4,60,65,FALSE,FALSE
,5,108,5,60,65,FALSE,FALSE
,5,107,5,60,65,FALSE,FALSE
,5,106,5,60,65,FALSE,FALSE
,5,105,5,60,65,FALSE,FALSE
,5,104,5,60,65,FALSE,FALSE
,5,103,5,60,65,FALSE,FALSE
,5,102,5,60,65,FALSE,FALSE
,5,101,5,60,65,FALSE,FALSE
,5,100,5,60,65,FALSE,FALSE
,5,99,5,60,65,FALSE,FALSE
,5,98,5,60,65,FALSE,FALSE
,5,97,5,60,65,FALSE,FALSE
,5,96,5,60,65,FALSE,FALSE
,5,95,5,60,65,FALSE,FALSE
,9,94,6,60,65,FALSE,FALSE
,9,93,6,60,65,FALSE,FALSE
,9,92,6,60,65,FALSE,FALSE
,9,91,6,60,65,FALSE,FALSE
,9,90,6,60,65,FALSE,FALSE
,9,89,6,60,65,FALSE,FALSE
,9,88,6,60,65,FALSE,FALSE
,9,87,6,60,65,FALSE,FALSE
,16,86,7,60,65,FALSE,FALSE
,16,85,7,60,65,FALSE,FALSE
,16,84,7,60,65,FALSE,FALSE
,16,83,7,60,65,FALSE,FALSE
,16,82,7,60,65,FALSE,FALSE
,16,81,7,60,65,FALSE,FALSE
,16,80,7,60,65,FALSE,FALSE
,16,79,7,60,65,FALSE,FALSE
,25,78,8,60,65,FALSE,FALSE
,25,77,8,60,65,FALSE,FALSE
,25,76,8,60,65,FALSE,FALSE
,25,75,8,60,65,FALSE,FALSE
,25,74,8,60,65,FALSE,FALSE
,25,73,8,60,65,FALSE,FALSE
,25,72,8,60,65,FALSE,FALSE
,25,71,8,60,65,FALSE,FALSE
,37,70,9,60,65,FALSE,FALSE
,37,69,9,60,65,FALSE,FALSE
,37,68,9,60,65,FALSE,FALSE
,37,67,9,60,65,FALSE,FALSE
,37,66,9,60,65,FALSE,FALSE
,37,65,9,60,65,FALSE,FALSE
,50,64,10,60,65,FALSE,FALSE
,50,63,10,60,65,FALSE,FALSE
,50,62,10,60,65,FALSE,FALSE
,50,61,10,60,65,FALSE,FALSE
,50,60,10,60,65,FALSE,FALSE
,50,59,10,60,65,FALSE,FALSE
,50,58,10,60,65,FALSE,FALSE
,50,57,10,60,65,FALSE,FALSE
,50,56,10,60,65,FALSE,FALSE
,50,55,10,60,65,FALSE,FALSE
,63,54,11,60,65,FALSE,FALSE
,63,53,11,60,65,FALSE,FALSE
,63,52,11,60,65,FALSE,FALSE
,63,51,11,60,65,FALSE,FALSE
,63,50,11,60,65,FALSE,FALSE
,63,49,11,60,65,FALSE,FALSE
,63,48,11,60,65,FALSE,FALSE
,63,47,11,60,65,FALSE,FALSE
,63,46,11,60,65,FALSE,FALSE
,75,45,12,60,65,FALSE,FALSE
,75,44,12,60,65,FALSE,FALSE
,75,43,12,60,65,FALSE,FALSE
,75,42,12,60,65,FALSE,FALSE
,75,41,12,60,65,FALSE,FALSE
,75,40,12,60,65,FALSE,FALSE
,75,39,12,60,65,FALSE,FALSE
,75,38,12,60,65,FALSE,FALSE
,75,37,12,60,65,FALSE,FALSE
,75,36,12,60,65,FALSE,FALSE
,75,35,12,60,65,FALSE,FALSE
,84,34,13,60,65,FALSE,FALSE
,84,33,13,60,65,FALSE,FALSE
,84,32,13,60,65,FALSE,FALSE
,84,31,13,60,65,FALSE,FALSE
,84,30,13,60,65,FALSE,FALSE
,84,29,13,60,65,FALSE,FALSE
,84,28,13,60,65,FALSE,FALSE
,84,27,13,60,65,FALSE,FALSE
,91,26,14,60,65,FALSE,FALSE
,91,25,14,60,65,FALSE,FALSE
,91,24,14,60,65,FALSE,FALSE
,91,23,14,60,65,FALSE,FALSE
,91,22,14,60,65,FALSE,FALSE
,91,21,14,60,65,FALSE,FALSE
,91,20,14,60,65,FALSE,FALSE
,95,19,15,60,65,FALSE,FALSE
,95,18,15,60,65,FALSE,FALSE
,95,17,15,60,65,FALSE,FALSE
,95,16,15,60,65,FALSE,FALSE
,95,15,15,60,65,FALSE,FALSE
,98,14,16,60,65,FALSE,FALSE
,99,13,17,60,65,FALSE,FALSE
,100,12,18,60,65,FALSE,FALSE
,100,11,19,60,65,FALSE,FALSE
,100,10,20,60,65,FALSE,TRUE
,2,113,4,56,59,TRUE,FALSE
,5,112,5,56,59,FALSE,FALSE
,5,111,5,56,59,FALSE,FALSE
,5,110,5,56,59,FALSE,FALSE
,5,109,5,56,59,FALSE,FALSE
,5,108,5,56,59,FALSE,FALSE
,5,107,5,56,59,FALSE,FALSE
,5,106,5,56,59,FALSE,FALSE
,5,105,5,56,59,FALSE,FALSE
,9,104,6,56,59,FALSE,FALSE
,9,103,6,56,59,FALSE,FALSE
,9,102,6,56,59,FALSE,FALSE
,9,101,6,56,59,FALSE,FALSE
,9,100,6,56,59,FALSE,FALSE
,9,99,6,56,59,FALSE,FALSE
,9,98,6,56,59,FALSE,FALSE
,9,97,6,56,59,FALSE,FALSE
,9,96,6,56,59,FALSE,FALSE
,9,95,6,56,59,FALSE,FALSE
,16,94,7,56,59,FALSE,FALSE
,16,93,7,56,59,FALSE,FALSE
,16,92,7,56,59,FALSE,FALSE
,16,91,7,56,59,FALSE,FALSE
,16,90,7,56,59,FALSE,FALSE
,16,89,7,56,59,FALSE,FALSE
,16,88,7,56,59,FALSE,FALSE
,16,87,7,56,59,FALSE,FALSE
,25,86,8,56,59,FALSE,FALSE
,25,85,8,56,59,FALSE,FALSE
,25,84,8,56,59,FALSE,FALSE
,25,83,8,56,59,FALSE,FALSE
,25,82,8,56,59,FALSE,FALSE
,25,81,8,56,59,FALSE,FALSE
,25,80,8,56,59,FALSE,FALSE
,25,79,8,56,59,FALSE,FALSE
,37,78,9,56,59,FALSE,FALSE
,37,77,9,56,59,FALSE,FALSE
,37,76,9,56,59,FALSE,FALSE
,37,75,9,56,59,FALSE,FALSE
,37,74,9,56,59,FALSE,FALSE
,37,73,9,56,59,FALSE,FALSE
,37,72,9,56,59,FALSE,FALSE
,37,71,9,56,59,FALSE,FALSE
,50,70,10,56,59,FALSE,FALSE
,50,69,10,56,59,FALSE,FALSE
,50,68,10,56,59,FALSE,FALSE
,50,67,10,56,59,FALSE,FALSE
,50,66,10,56,59,FALSE,FALSE
,50,65,10,56,59,FALSE,FALSE
,50,64,10,56,59,FALSE,FALSE
,50,63,10,56,59,FALSE,FALSE
,63,62,11,56,59,FALSE,FALSE
,63,61,11,56,59,FALSE,FALSE
,63,60,11,56,59,FALSE,FALSE
,63,59,11,56,59,FALSE,FALSE
,63,58,11,56,59,FALSE,FALSE
,63,57,11,56,59,FALSE,FALSE
,63,56,11,56,59,FALSE,FALSE
,63,55,11,56,59,FALSE,FALSE
,63,54,11,56,59,FALSE,FALSE
,75,53,12,56,59,FALSE,FALSE
,75,52,12,56,59,FALSE,FALSE
,75,51,12,56,59,FALSE,FALSE
,75,50,12,56,59,FALSE,FALSE
,75,49,12,56,59,FALSE,FALSE
,75,48,12,56,59,FALSE,FALSE
,75,47,12,56,59,FALSE,FALSE
,75,46,12,56,59,FALSE,FALSE
,84,45,13,56,59,FALSE,FALSE
,84,44,13,56,59,FALSE,FALSE
,84,43,13,56,59,FALSE,FALSE
,84,42,13,56,59,FALSE,FALSE
,84,41,13,56,59,FALSE,FALSE
,84,40,13,56,59,FALSE,FALSE
,84,39,13,56,59,FALSE,FALSE
,84,38,13,56,59,FALSE,FALSE
,84,37,13,56,59,FALSE,FALSE
,84,36,13,56,59,FALSE,FALSE
,84,35,13,56,59,FALSE,FALSE
,91,34,14,56,59,FALSE,FALSE
,91,33,14,56,59,FALSE,FALSE
,91,32,14,56,59,FALSE,FALSE
,91,31,14,56,59,FALSE,FALSE
,91,30,14,56,59,FALSE,FALSE
,91,29,14,56,59,FALSE,FALSE
,91,28,14,56,59,FALSE,FALSE
,91,27,14,56,59,FALSE,FALSE
,95,26,15,56,59,FALSE,FALSE
,95,25,15,56,59,FALSE,FALSE
,95,24,15,56,59,FALSE,FALSE
,95,23,15,56,59,FALSE,FALSE
,95,22,15,56,59,FALSE,FALSE
,95,21,15,56,59,FALSE,FALSE
,95,20,15,56,59,FALSE,FALSE
,98,19,16,56,59,FALSE,FALSE
,98,18,16,56,59,FALSE,FALSE
,98,17,16,56,59,FALSE,FALSE
,98,16,16,56,59,FALSE,FALSE
,98,15,16,56,59,FALSE,FALSE
,99,14,17,56,59,FALSE,FALSE
,100,13,18,56,59,FALSE,FALSE
,100,12,19,56,59,FALSE,FALSE
,100,11,20,56,59,FALSE,TRUE
,0,118,2,66,71,TRUE,FALSE
,1,117,3,66,71,FALSE,FALSE
,1,116,3,66,71,FALSE,FALSE
,1,115,3,66,71,FALSE,FALSE
,1,114,3,66,71,FALSE,FALSE
,1,113,3,66,71,FALSE,FALSE
,1,112,3,66,71,FALSE,FALSE
,1,111,3,66,71,FALSE,FALSE
,1,110,3,66,71,FALSE,FALSE
,1,109,3,66,71,FALSE,FALSE
,2,108,4,66,71,FALSE,FALSE
,2,107,4,66,71,FALSE,FALSE
,2,106,4,66,71,FALSE,FALSE
,2,105,4,66,71,FALSE,FALSE
,2,104,4,66,71,FALSE,FALSE
,2,103,4,66,71,FALSE,FALSE
,2,102,4,66,71,FALSE,FALSE
,2,101,4,66,71,FALSE,FALSE
,2,100,4,66,71,FALSE,FALSE
,2,99,4,66,71,FALSE,FALSE
,2,98,4,66,71,FALSE,FALSE
,2,97,4,66,71,FALSE,FALSE
,2,96,4,66,71,FALSE,FALSE
,2,95,4,66,71,FALSE,FALSE
,5,94,5,66,71,FALSE,FALSE
,5,93,5,66,71,FALSE,FALSE
,5,92,5,66,71,FALSE,FALSE
,5,91,5,66,71,FALSE,FALSE
,5,90,5,66,71,FALSE,FALSE
,5,89,5,66,71,FALSE,FALSE
,5,88,5,66,71,FALSE,FALSE
,5,87,5,66,71,FALSE,FALSE
,9,86,6,66,71,FALSE,FALSE
,9,85,6,66,71,FALSE,FALSE
,9,84,6,66,71,FALSE,FALSE
,9,83,6,66,71,FALSE,FALSE
,9,82,6,66,71,FALSE,FALSE
,9,81,6,66,71,FALSE,FALSE
,9,80,6,66,71,FALSE,FALSE
,9,79,6,66,71,FALSE,FALSE
,16,78,7,66,71,FALSE,FALSE
,16,77,7,66,71,FALSE,FALSE
,16,76,7,66,71,FALSE,FALSE
,16,75,7,66,71,FALSE,FALSE
,16,74,7,66,71,FALSE,FALSE
,16,73,7,66,71,FALSE,FALSE
,16,72,7,66,71,FALSE,FALSE
,16,71,7,66,71,FALSE,FALSE
,25,70,8,66,71,FALSE,FALSE
,25,69,8,66,71,FALSE,FALSE
,25,68,8,66,71,FALSE,FALSE
,25,67,8,66,71,FALSE,FALSE
,25,66,8,66,71,FALSE,FALSE
,25,65,8,66,71,FALSE,FALSE
,37,64,9,66,71,FALSE,FALSE
,37,63,9,66,71,FALSE,FALSE
,37,62,9,66,71,FALSE,FALSE
,37,61,9,66,71,FALSE,FALSE
,37,60,9,66,71,FALSE,FALSE
,37,59,9,66,71,FALSE,FALSE
,37,58,9,66,71,FALSE,FALSE
,37,57,9,66,71,FALSE,FALSE
,37,56,9,66,71,FALSE,FALSE
,37,55,9,66,71,FALSE,FALSE
,50,54,10,66,71,FALSE,FALSE
,50,53,10,66,71,FALSE,FALSE
,50,52,10,66,71,FALSE,FALSE
,50,51,10,66,71,FALSE,FALSE
,50,50,10,66,71,FALSE,FALSE
,50,49,10,66,71,FALSE,FALSE
,50,48,10,66,71,FALSE,FALSE
,50,47,10,66,71,FALSE,FALSE
,50,46,10,66,71,FALSE,FALSE
,50,45,10,66,71,FALSE,FALSE
,63,44,11,66,71,FALSE,FALSE
,63,43,11,66,71,FALSE,FALSE
,63,42,11,66,71,FALSE,FALSE
,63,41,11,66,71,FALSE,FALSE
,63,40,11,66,71,FALSE,FALSE
,63,39,11,66,71,FALSE,FALSE
,63,38,11,66,71,FALSE,FALSE
,63,37,11,66,71,FALSE,FALSE
,63,36,11,66,71,FALSE,FALSE
,63,35,11,66,71,FALSE,FALSE
,75,34,12,66,71,FALSE,FALSE
,75,33,12,66,71,FALSE,FALSE
,75,32,12,66,71,FALSE,FALSE
,75,31,12,66,71,FALSE,FALSE
,75,30,12,66,71,FALSE,FALSE
,75,29,12,66,71,FALSE,FALSE
,75,28,12,66,71,FALSE,FALSE
,75,27,12,66,71,FALSE,FALSE
,84,26,13,66,71,FALSE,FALSE
,84,25,13,66,71,FALSE,FALSE
,84,24,13,66,71,FALSE,FALSE
,84,23,13,66,71,FALSE,FALSE
,84,22,13,66,71,FALSE,FALSE
,91,21,14,66,71,FALSE,FALSE
,91,20,14,66,71,FALSE,FALSE
,91,19,14,66,71,FALSE,FALSE
,91,18,14,66,71,FALSE,FALSE
,91,17,14,66,71,FALSE,FALSE
,91,16,14,66,71,FALSE,FALSE
,91,15,14,66,71,FALSE,FALSE
,95,14,15,66,71,FALSE,FALSE
,98,13,16,66,71,FALSE,FALSE
,99,12,17,66,71,FALSE,FALSE
,100,11,18,66,71,FALSE,FALSE
,100,10,19,66,71,FALSE,FALSE
,100,9,20,66,71,FALSE,TRUE
,0,118,1,72,77,TRUE,FALSE
,0,117,2,72,77,FALSE,FALSE
,0,116,2,72,77,FALSE,FALSE
,0,115,2,72,77,FALSE,FALSE
,0,114,2,72,77,FALSE,FALSE
,0,113,2,72,77,FALSE,FALSE
,0,112,2,72,77,FALSE,FALSE
,0,111,2,72,77,FALSE,FALSE
,0,110,2,72,77,FALSE,FALSE
,0,109,2,72,77,FALSE,FALSE
,1,108,3,72,77,FALSE,FALSE
,1,107,3,72,77,FALSE,FALSE
,1,106,3,72,77,FALSE,FALSE
,1,105,3,72,77,FALSE,FALSE
,1,104,3,72,77,FALSE,FALSE
,1,103,3,72,77,FALSE,FALSE
,1,102,3,72,77,FALSE,FALSE
,1,101,3,72,77,FALSE,FALSE
,1,100,3,72,77,FALSE,FALSE
,1,99,3,72,77,FALSE,FALSE
,1,98,3,72,77,FALSE,FALSE
,1,97,3,72,77,FALSE,FALSE
,1,96,3,72,77,FALSE,FALSE
,1,95,3,72,77,FALSE,FALSE
,2,94,4,72,77,FALSE,FALSE
,2,93,4,72,77,FALSE,FALSE
,2,92,4,72,77,FALSE,FALSE
,2,91,4,72,77,FALSE,FALSE
,2,90,4,72,77,FALSE,FALSE
,2,89,4,72,77,FALSE,FALSE
,2,88,4,72,77,FALSE,FALSE
,2,87,4,72,77,FALSE,FALSE
,5,86,5,72,77,FALSE,FALSE
,5,85,5,72,77,FALSE,FALSE
,5,84,5,72,77,FALSE,FALSE
,5,83,5,72,77,FALSE,FALSE
,5,82,5,72,77,FALSE,FALSE
,5,81,5,72,77,FALSE,FALSE
,5,80,5,72,77,FALSE,FALSE
,5,79,5,72,77,FALSE,FALSE
,9,78,6,72,77,FALSE,FALSE
,9,77,6,72,77,FALSE,FALSE
,9,76,6,72,77,FALSE,FALSE
,9,75,6,72,77,FALSE,FALSE
,9,74,6,72,77,FALSE,FALSE
,9,73,6,72,77,FALSE,FALSE
,9,72,6,72,77,FALSE,FALSE
,9,71,6,72,77,FALSE,FALSE
,16,70,7,72,77,FALSE,FALSE
,16,69,7,72,77,FALSE,FALSE
,16,68,7,72,77,FALSE,FALSE
,16,67,7,72,77,FALSE,FALSE
,16,66,7,72,77,FALSE,FALSE
,16,65,7,72,77,FALSE,FALSE
,25,64,8,72,77,FALSE,FALSE
,25,63,8,72,77,FALSE,FALSE
,25,62,8,72,77,FALSE,FALSE
,25,61,8,72,77,FALSE,FALSE
,25,60,8,72,77,FALSE,FALSE
,25,59,8,72,77,FALSE,FALSE
,25,58,8,72,77,FALSE,FALSE
,25,57,8,72,77,FALSE,FALSE
,25,56,8,72,77,FALSE,FALSE
,25,55,8,72,77,FALSE,FALSE
,37,54,9,72,77,FALSE,FALSE
,37,53,9,72,77,FALSE,FALSE
,37,52,9,72,77,FALSE,FALSE
,37,51,9,72,77,FALSE,FALSE
,37,50,9,72,77,FALSE,FALSE
,37,49,9,72,77,FALSE,FALSE
,37,48,9,72,77,FALSE,FALSE
,37,47,9,72,77,FALSE,FALSE
,37,46,9,72,77,FALSE,FALSE
,37,45,9,72,77,FALSE,FALSE
,50,44,10,72,77,FALSE,FALSE
,50,43,10,72,77,FALSE,FALSE
,50,42,10,72,77,FALSE,FALSE
,50,41,10,72,77,FALSE,FALSE
,50,40,10,72,77,FALSE,FALSE
,50,39,10,72,77,FALSE,FALSE
,50,38,10,72,77,FALSE,FALSE
,50,37,10,72,77,FALSE,FALSE
,50,36,10,72,77,FALSE,FALSE
,50,35,10,72,77,FALSE,FALSE
,63,34,11,72,77,FALSE,FALSE
,63,33,11,72,77,FALSE,FALSE
,63,32,11,72,77,FALSE,FALSE
,63,31,11,72,77,FALSE,FALSE
,63,30,11,72,77,FALSE,FALSE
,63,29,11,72,77,FALSE,FALSE
,63,28,11,72,77,FALSE,FALSE
,63,27,11,72,77,FALSE,FALSE
,75,26,12,72,77,FALSE,FALSE
,75,25,12,72,77,FALSE,FALSE
,75,24,12,72,77,FALSE,FALSE
,75,23,12,72,77,FALSE,FALSE
,75,22,12,72,77,FALSE,FALSE
,84,21,13,72,77,FALSE,FALSE
,84,20,13,72,77,FALSE,FALSE
,84,19,13,72,77,FALSE,FALSE
,84,18,13,72,77,FALSE,FALSE
,84,17,13,72,77,FALSE,FALSE
,91,16,14,72,77,FALSE,FALSE
,91,15,14,72,77,FALSE,FALSE
,95,14,15,72,77,FALSE,FALSE
,98,13,16,72,77,FALSE,FALSE
,99,12,17,72,77,FALSE,FALSE
,100,11,18,72,77,FALSE,FALSE
,100,10,19,72,77,FALSE,FALSE
,100,9,20,72,77,FALSE,TRUE
,0,109,1,78,83,TRUE,FALSE
,0,108,2,78,83,FALSE,FALSE
,0,107,2,78,83,FALSE,FALSE
,0,106,2,78,83,FALSE,FALSE
,0,105,2,78,83,FALSE,FALSE
,0,104,2,78,83,FALSE,FALSE
,0,103,2,78,83,FALSE,FALSE
,0,102,2,78,83,FALSE,FALSE
,0,101,2,78,83,FALSE,FALSE
,0,100,2,78,83,FALSE,FALSE
,0,99,2,78,83,FALSE,FALSE
,0,98,2,78,83,FALSE,FALSE
,0,97,2,78,83,FALSE,FALSE
,0,96,2,78,83,FALSE,FALSE
,0,95,2,78,83,FALSE,FALSE
,1,94,3,78,83,FALSE,FALSE
,1,93,3,78,83,FALSE,FALSE
,1,92,3,78,83,FALSE,FALSE
,1,91,3,78,83,FALSE,FALSE
,1,90,3,78,83,FALSE,FALSE
,1,89,3,78,83,FALSE,FALSE
,1,88,3,78,83,FALSE,FALSE
,1,87,3,78,83,FALSE,FALSE
,2,86,4,78,83,FALSE,FALSE
,2,85,4,78,83,FALSE,FALSE
,2,84,4,78,83,FALSE,FALSE
,2,83,4,78,83,FALSE,FALSE
,2,82,4,78,83,FALSE,FALSE
,2,81,4,78,83,FALSE,FALSE
,2,80,4,78,83,FALSE,FALSE
,2,79,4,78,83,FALSE,FALSE
,5,78,5,78,83,FALSE,FALSE
,5,77,5,78,83,FALSE,FALSE
,5,76,5,78,83,FALSE,FALSE
,5,75,5,78,83,FALSE,FALSE
,5,74,5,78,83,FALSE,FALSE
,5,73,5,78,83,FALSE,FALSE
,5,72,5,78,83,FALSE,FALSE
,5,71,5,78,83,FALSE,FALSE
,9,70,6,78,83,FALSE,FALSE
,9,69,6,78,83,FALSE,FALSE
,9,68,6,78,83,FALSE,FALSE
,9,67,6,78,83,FALSE,FALSE
,9,66,6,78,83,FALSE,FALSE
,9,65,6,78,83,FALSE,FALSE
,16,64,7,78,83,FALSE,FALSE
,16,63,7,78,83,FALSE,FALSE
,16,62,7,78,83,FALSE,FALSE
,16,61,7,78,83,FALSE,FALSE
,16,60,7,78,83,FALSE,FALSE
,16,59,7,78,83,FALSE,FALSE
,16,58,7,78,83,FALSE,FALSE
,16,57,7,78,83,FALSE,FALSE
,16,56,7,78,83,FALSE,FALSE
,16,55,7,78,83,FALSE,FALSE
,25,54,8,78,83,FALSE,FALSE
,25,53,8,78,83,FALSE,FALSE
,25,52,8,78,83,FALSE,FALSE
,25,51,8,78,83,FALSE,FALSE
,25,50,8,78,83,FALSE,FALSE
,25,49,8,78,83,FALSE,FALSE
,25,48,8,78,83,FALSE,FALSE
,25,47,8,78,83,FALSE,FALSE
,25,46,8,78,83,FALSE,FALSE
,25,45,8,78,83,FALSE,FALSE
,37,44,9,78,83,FALSE,FALSE
,37,43,9,78,83,FALSE,FALSE
,37,42,9,78,83,FALSE,FALSE
,37,41,9,78,83,FALSE,FALSE
,37,40,9,78,83,FALSE,FALSE
,37,39,9,78,83,FALSE,FALSE
,37,38,9,78,83,FALSE,FALSE
,37,37,9,78,83,FALSE,FALSE
,37,36,9,78,83,FALSE,FALSE
,37,35,9,78,83,FALSE,FALSE
,50,34,10,78,83,FALSE,FALSE
,50,33,10,78,83,FALSE,FALSE
,50,32,10,78,83,FALSE,FALSE
,50,31,10,78,83,FALSE,FALSE
,50,30,10,78,83,FALSE,FALSE
,50,29,10,78,83,FALSE,FALSE
,50,28,10,78,83,FALSE,FALSE
,50,27,10,78,83,FALSE,FALSE
,63,26,11,78,83,FALSE,FALSE
,63,25,11,78,83,FALSE,FALSE
,63,24,11,78,83,FALSE,FALSE
,63,23,11,78,83,FALSE,FALSE
,75,22,12,78,83,FALSE,FALSE
,75,21,12,78,83,FALSE,FALSE
,75,20,12,78,83,FALSE,FALSE
,75,19,12,78,83,FALSE,FALSE
,75,18,12,78,83,FALSE,FALSE
,84,17,13,78,83,FALSE,FALSE
,84,16,13,78,83,FALSE,FALSE
,84,15,13,78,83,FALSE,FALSE
,91,14,14,78,83,FALSE,FALSE
,95,13,15,78,83,FALSE,FALSE
,98,12,16,78,83,FALSE,FALSE
,99,11,17,78,83,FALSE,FALSE
,100,10,18,78,83,FALSE,FALSE
,100,9,19,78,83,FALSE,FALSE
,100,8,20,78,83,FALSE,TRUE
,0,95,1,84,89,TRUE,FALSE
,0,94,2,84,89,FALSE,FALSE
,0,93,2,84,89,FALSE,FALSE
,0,92,2,84,89,FALSE,FALSE
,0,91,2,84,89,FALSE,FALSE
,0,90,2,84,89,FALSE,FALSE
,0,89,2,84,89,FALSE,FALSE
,0,88,2,84,89,FALSE,FALSE
,0,87,2,84,89,FALSE,FALSE
,1,86,3,84,89,FALSE,FALSE
,1,85,3,84,89,FALSE,FALSE
,1,84,3,84,89,FALSE,FALSE
,1,83,3,84,89,FALSE,FALSE
,1,82,3,84,89,FALSE,FALSE
,1,81,3,84,89,FALSE,FALSE
,1,80,3,84,89,FALSE,FALSE
,1,79,3,84,89,FALSE,FALSE
,2,78,4,84,89,FALSE,FALSE
,2,77,4,84,89,FALSE,FALSE
,2,76,4,84,89,FALSE,FALSE
,2,75,4,84,89,FALSE,FALSE
,2,74,4,84,89,FALSE,FALSE
,2,73,4,84,89,FALSE,FALSE
,2,72,4,84,89,FALSE,FALSE
,2,71,4,84,89,FALSE,FALSE
,5,70,5,84,89,FALSE,FALSE
,5,69,5,84,89,FALSE,FALSE
,5,68,5,84,89,FALSE,FALSE
,5,67,5,84,89,FALSE,FALSE
,5,66,5,84,89,FALSE,FALSE
,5,65,5,84,89,FALSE,FALSE
,9,64,6,84,89,FALSE,FALSE
,9,63,6,84,89,FALSE,FALSE
,9,62,6,84,89,FALSE,FALSE
,9,61,6,84,89,FALSE,FALSE
,9,60,6,84,89,FALSE,FALSE
,9,59,6,84,89,FALSE,FALSE
,9,58,6,84,89,FALSE,FALSE
,9,57,6,84,89,FALSE,FALSE
,9,56,6,84,89,FALSE,FALSE
,9,55,6,84,89,FALSE,FALSE
,16,54,7,84,89,FALSE,FALSE
,16,53,7,84,89,FALSE,FALSE
,16,52,7,84,89,FALSE,FALSE
,16,51,7,84,89,FALSE,FALSE
,16,50,7,84,89,FALSE,FALSE
,16,49,7,84,89,FALSE,FALSE
,16,48,7,84,89,FALSE,FALSE
,16,47,7,84,89,FALSE,FALSE
,16,46,7,84,89,FALSE,FALSE
,16,45,7,84,89,FALSE,FALSE
,25,44,8,84,89,FALSE,FALSE
,25,43,8,84,89,FALSE,FALSE
,25,42,8,84,89,FALSE,FALSE
,25,41,8,84,89,FALSE,FALSE
,25,40,8,84,89,FALSE,FALSE
,25,39,8,84,89,FALSE,FALSE
,25,38,8,84,89,FALSE,FALSE
,25,37,8,84,89,FALSE,FALSE
,25,36,8,84,89,FALSE,FALSE
,25,35,8,84,89,FALSE,FALSE
,37,34,9,84,89,FALSE,FALSE
,37,33,9,84,89,FALSE,FALSE
,37,32,9,84,89,FALSE,FALSE
,37,31,9,84,89,FALSE,FALSE
,37,30,9,84,89,FALSE,FALSE
,37,29,9,84,89,FALSE,FALSE
,37,28,9,84,89,FALSE,FALSE
,37,27,9,84,89,FALSE,FALSE
,50,26,10,84,89,FALSE,FALSE
,50,25,10,84,89,FALSE,FALSE
,50,24,10,84,89,FALSE,FALSE
,50,23,10,84,89,FALSE,FALSE
,50,22,10,84,89,FALSE,FALSE
,63,21,11,84,89,FALSE,FALSE
,63,20,11,84,89,FALSE,FALSE
,75,19,12,84,89,FALSE,FALSE
,75,18,12,84,89,FALSE,FALSE
,75,17,12,84,89,FALSE,FALSE
,75,16,12,84,89,FALSE,FALSE
,84,15,13,84,89,FALSE,FALSE
,91,14,14,84,89,FALSE,FALSE
,95,13,15,84,89,FALSE,FALSE
,98,12,16,84,89,FALSE,FALSE
,99,11,17,84,89,FALSE,FALSE
,100,10,18,84,89,FALSE,FALSE
,100,9,19,84,89,FALSE,FALSE
,100,8,20,84,89,FALSE,TRUE
,0,87,1,90,95,TRUE,FALSE
,0,86,2,90,95,FALSE,FALSE
,0,85,2,90,95,FALSE,FALSE
,0,84,2,90,95,FALSE,FALSE
,0,83,2,90,95,FALSE,FALSE
,0,82,2,90,95,FALSE,FALSE
,0,81,2,90,95,FALSE,FALSE
,0,80,2,90,95,FALSE,FALSE
,0,79,2,90,95,FALSE,FALSE
,1,78,3,90,95,FALSE,FALSE
,1,77,3,90,95,FALSE,FALSE
,1,76,3,90,95,FALSE,FALSE
,1,75,3,90,95,FALSE,FALSE
,1,74,3,90,95,FALSE,FALSE
,1,73,3,90,95,FALSE,FALSE
,1,72,3,90,95,FALSE,FALSE
,1,71,3,90,95,FALSE,FALSE
,2,70,4,90,95,FALSE,FALSE
,2,69,4,90,95,FALSE,FALSE
,2,68,4,90,95,FALSE,FALSE
,2,67,4,90,95,FALSE,FALSE
,2,66,4,90,95,FALSE,FALSE
,2,65,4,90,95,FALSE,FALSE
,5,64,5,90,95,FALSE,FALSE
,5,63,5,90,95,FALSE,FALSE
,5,62,5,90,95,FALSE,FALSE
,5,61,5,90,95,FALSE,FALSE
,5,60,5,90,95,FALSE,FALSE
,5,59,5,90,95,FALSE,FALSE
,5,58,5,90,95,FALSE,FALSE
,5,57,5,90,95,FALSE,FALSE
,5,56,5,90,95,FALSE,FALSE
,5,55,5,90,95,FALSE,FALSE
,9,54,6,90,95,FALSE,FALSE
,9,53,6,90,95,FALSE,FALSE
,9,52,6,90,95,FALSE,FALSE
,9,51,6,90,95,FALSE,FALSE
,9,50,6,90,95,FALSE,FALSE
,9,49,6,90,95,FALSE,FALSE
,9,48,6,90,95,FALSE,FALSE
,9,47,6,90,95,FALSE,FALSE
,9,46,6,90,95,FALSE,FALSE
,9,45,6,90,95,FALSE,FALSE
,16,44,7,90,95,FALSE,FALSE
,16,43,7,90,95,FALSE,FALSE
,16,42,7,90,95,FALSE,FALSE
,16,41,7,90,95,FALSE,FALSE
,16,40,7,90,95,FALSE,FALSE
,16,39,7,90,95,FALSE,FALSE
,16,38,7,90,95,FALSE,FALSE
,16,37,7,90,95,FALSE,FALSE
,16,36,7,90,95,FALSE,FALSE
,16,35,7,90,95,FALSE,FALSE
,25,34,8,90,95,FALSE,FALSE
,25,33,8,90,95,FALSE,FALSE
,25,32,8,90,95,FALSE,FALSE
,25,31,8,90,95,FALSE,FALSE
,25,30,8,90,95,FALSE,FALSE
,25,29,8,90,95,FALSE,FALSE
,25,28,8,90,95,FALSE,FALSE
,25,27,8,90,95,FALSE,FALSE
,37,26,9,90,95,FALSE,FALSE
,37,25,9,90,95,FALSE,FALSE
,37,24,9,90,95,FALSE,FALSE
,37,23,9,90,95,FALSE,FALSE
,37,22,9,90,95,FALSE,FALSE
,50,21,10,90,95,FALSE,FALSE
,50,20,10,90,95,FALSE,FALSE
,63,19,11,90,95,FALSE,FALSE
,63,18,11,90,95,FALSE,FALSE
,75,17,12,90,95,FALSE,FALSE
,75,16,12,90,95,FALSE,FALSE
,84,15,13,90,95,FALSE,FALSE
,91,14,14,90,95,FALSE,FALSE
,95,13,15,90,95,FALSE,FALSE
,98,12,16,90,95,FALSE,FALSE
,99,11,17,90,95,FALSE,FALSE
,100,10,18,90,95,FALSE,FALSE
,100,9,18,90,95,FALSE,FALSE
,100,8,19,90,95,FALSE,FALSE
,100,7,20,90,95,FALSE,TRUE
,0,79,1,96,107,TRUE,FALSE
,0,78,2,96,107,FALSE,FALSE
,0,77,2,96,107,FALSE,FALSE
,0,76,2,96,107,FALSE,FALSE
,0,75,2,96,107,FALSE,FALSE
,0,74,2,96,107,FALSE,FALSE
,0,73,2,96,107,FALSE,FALSE
,0,72,2,96,107,FALSE,FALSE
,0,71,2,96,107,FALSE,FALSE
,1,70,3,96,107,FALSE,FALSE
,1,69,3,96,107,FALSE,FALSE
,1,68,3,96,107,FALSE,FALSE
,1,67,3,96,107,FALSE,FALSE
,1,66,3,96,107,FALSE,FALSE
,1,65,3,96,107,FALSE,FALSE
,2,64,4,96,107,FALSE,FALSE
,2,63,4,96,107,FALSE,FALSE
,2,62,4,96,107,FALSE,FALSE
,2,61,4,96,107,FALSE,FALSE
,2,60,4,96,107,FALSE,FALSE
,2,59,4,96,107,FALSE,FALSE
,2,58,4,96,107,FALSE,FALSE
,2,57,4,96,107,FALSE,FALSE
,2,56,4,96,107,FALSE,FALSE
,2,55,4,96,107,FALSE,FALSE
,5,54,5,96,107,FALSE,FALSE
,5,53,5,96,107,FALSE,FALSE
,5,52,5,96,107,FALSE,FALSE
,5,51,5,96,107,FALSE,FALSE
,5,50,5,96,107,FALSE,FALSE
,5,49,5,96,107,FALSE,FALSE
,5,48,5,96,107,FALSE,FALSE
,5,47,5,96,107,FALSE,FALSE
,5,46,5,96,107,FALSE,FALSE
,5,45,5,96,107,FALSE,FALSE
,9,44,6,96,107,FALSE,FALSE
,9,43,6,96,107,FALSE,FALSE
,9,42,6,96,107,FALSE,FALSE
,9,41,6,96,107,FALSE,FALSE
,9,40,6,96,107,FALSE,FALSE
,9,39,6,96,107,FALSE,FALSE
,9,38,6,96,107,FALSE,FALSE
,9,37,6,96,107,FALSE,FALSE
,9,36,6,96,107,FALSE,FALSE
,9,35,6,96,107,FALSE,FALSE
,16,34,7,96,107,FALSE,FALSE
,16,33,7,96,107,FALSE,FALSE
,16,32,7,96,107,FALSE,FALSE
,16,31,7,96,107,FALSE,FALSE
,16,30,7,96,107,FALSE,FALSE
,16,29,7,96,107,FALSE,FALSE
,16,28,7,96,107,FALSE,FALSE
,16,27,7,96,107,FALSE,FALSE
,25,26,8,96,107,FALSE,FALSE
,25,25,8,96,107,FALSE,FALSE
,25,24,8,96,107,FALSE,FALSE
,25,23,8,96,107,FALSE,FALSE
,25,22,8,96,107,FALSE,FALSE
,37,21,9,96,107,FALSE,FALSE
,37,20,9,96,107,FALSE,FALSE
,50,19,10,96,107,FALSE,FALSE
,50,18,10,96,107,FALSE,FALSE
,63,17,11,96,107,FALSE,FALSE
,75,16,12,96,107,FALSE,FALSE
,84,15,13,96,107,FALSE,FALSE
,91,14,14,96,107,FALSE,FALSE
,91,13,14,96,107,FALSE,FALSE
,95,12,15,96,107,FALSE,FALSE
,98,11,16,96,107,FALSE,FALSE
,99,10,17,96,107,FALSE,FALSE
,99,9,17,96,107,FALSE,FALSE
,100,8,18,96,107,FALSE,FALSE
,100,7,19,96,107,FALSE,TRUE
,0,71,1,108,119,TRUE,FALSE
,0,70,2,108,119,FALSE,FALSE
,0,69,2,108,119,FALSE,FALSE
,0,68,2,108,119,FALSE,FALSE
,0,67,2,108,119,FALSE,FALSE
,0,66,2,108,119,FALSE,FALSE
,0,65,2,108,119,FALSE,FALSE
,1,64,3,108,119,FALSE,FALSE
,1,63,3,108,119,FALSE,FALSE
,1,62,3,108,119,FALSE,FALSE
,1,61,3,108,119,FALSE,FALSE
,1,60,3,108,119,FALSE,FALSE
,1,59,3,108,119,FALSE,FALSE
,1,58,3,108,119,FALSE,FALSE
,1,57,3,108,119,FALSE,FALSE
,1,56,3,108,119,FALSE,FALSE
,1,55,3,108,119,FALSE,FALSE
,2,54,4,108,119,FALSE,FALSE
,2,53,4,108,119,FALSE,FALSE
,2,52,4,108,119,FALSE,FALSE
,2,51,4,108,119,FALSE,FALSE
,2,50,4,108,119,FALSE,FALSE
,2,49,4,108,119,FALSE,FALSE
,2,48,4,108,119,FALSE,FALSE
,2,47,4,108,119,FALSE,FALSE
,2,46,4,108,119,FALSE,FALSE
,2,45,4,108,119,FALSE,FALSE
,5,44,5,108,119,FALSE,FALSE
,5,43,5,108,119,FALSE,FALSE
,5,42,5,108,119,FALSE,FALSE
,5,41,5,108,119,FALSE,FALSE
,5,40,5,108,119,FALSE,FALSE
,5,39,5,108,119,FALSE,FALSE
,5,38,5,108,119,FALSE,FALSE
,5,37,5,108,119,FALSE,FALSE
,5,36,5,108,119,FALSE,FALSE
,5,35,5,108,119,FALSE,FALSE
,9,34,6,108,119,FALSE,FALSE
,9,33,6,108,119,FALSE,FALSE
,9,32,6,108,119,FALSE,FALSE
,9,31,6,108,119,FALSE,FALSE
,9,30,6,108,119,FALSE,FALSE
,9,29,6,108,119,FALSE,FALSE
,9,28,6,108,119,FALSE,FALSE
,9,27,6,108,119,FALSE,FALSE
,16,26,7,108,119,FALSE,FALSE
,16,25,7,108,119,FALSE,FALSE
,16,24,7,108,119,FALSE,FALSE
,16,23,7,108,119,FALSE,FALSE
,16,22,7,108,119,FALSE,FALSE
,25,21,8,108,119,FALSE,FALSE
,25,20,8,108,119,FALSE,FALSE
,37,19,9,108,119,FALSE,FALSE
,37,18,9,108,119,FALSE,FALSE
,50,17,10,108,119,FALSE,FALSE
,63,16,11,108,119,FALSE,FALSE
,75,15,12,108,119,FALSE,FALSE
,84,14,13,108,119,FALSE,FALSE
,84,13,13,108,119,FALSE,FALSE
,91,12,14,108,119,FALSE,FALSE
,95,11,15,108,119,FALSE,FALSE
,98,10,16,108,119,FALSE,FALSE
,98,9,16,108,119,FALSE,FALSE
,99,8,17,108,119,FALSE,FALSE
,100,7,18,108,119,FALSE,FALSE
,100,6,19,108,119,FALSE,FALSE
,100,5,20,108,119,FALSE,TRUE
,0,65,1,120,131,TRUE,FALSE
,0,64,2,120,131,FALSE,FALSE
,0,63,2,120,131,FALSE,FALSE
,0,62,2,120,131,FALSE,FALSE
,0,61,2,120,131,FALSE,FALSE
,0,60,2,120,131,FALSE,FALSE
,0,59,2,120,131,FALSE,FALSE
,0,58,2,120,131,FALSE,FALSE
,0,57,2,120,131,FALSE,FALSE
,0,56,2,120,131,FALSE,FALSE
,0,55,2,120,131,FALSE,FALSE
,1,54,3,120,131,FALSE,FALSE
,1,53,3,120,131,FALSE,FALSE
,1,52,3,120,131,FALSE,FALSE
,1,51,3,120,131,FALSE,FALSE
,1,50,3,120,131,FALSE,FALSE
,1,49,3,120,131,FALSE,FALSE
,1,48,3,120,131,FALSE,FALSE
,1,47,3,120,131,FALSE,FALSE
,1,46,3,120,131,FALSE,FALSE
,1,45,3,120,131,FALSE,FALSE
,2,44,4,120,131,FALSE,FALSE
,2,43,4,120,131,FALSE,FALSE
,2,42,4,120,131,FALSE,FALSE
,2,41,4,120,131,FALSE,FALSE
,2,40,4,120,131,FALSE,FALSE
,2,39,4,120,131,FALSE,FALSE
,2,38,4,120,131,FALSE,FALSE
,2,37,4,120,131,FALSE,FALSE
,2,36,4,120,131,FALSE,FALSE
,2,35,4,120,131,FALSE,FALSE
,5,34,5,120,131,FALSE,FALSE
,5,33,5,120,131,FALSE,FALSE
,5,32,5,120,131,FALSE,FALSE
,5,31,5,120,131,FALSE,FALSE
,5,30,5,120,131,FALSE,FALSE
,5,29,5,120,131,FALSE,FALSE
,5,28,5,120,131,FALSE,FALSE
,5,27,5,120,131,FALSE,FALSE
,9,26,6,120,131,FALSE,FALSE
,9,25,6,120,131,FALSE,FALSE
,9,24,6,120,131,FALSE,FALSE
,9,23,6,120,131,FALSE,FALSE
,9,22,6,120,131,FALSE,FALSE
,16,21,7,120,131,FALSE,FALSE
,16,20,7,120,131,FALSE,FALSE
,25,19,8,120,131,FALSE,FALSE
,25,18,8,120,131,FALSE,FALSE
,37,17,9,120,131,FALSE,FALSE
,50,16,10,120,131,FALSE,FALSE
,63,15,11,120,131,FALSE,FALSE
,75,14,12,120,131,FALSE,FALSE
,84,13,13,120,131,FALSE,FALSE
,84,12,13,120,131,FALSE,FALSE
,91,11,14,120,131,FALSE,FALSE
,95,10,15,120,131,FALSE,FALSE
,98,9,16,120,131,FALSE,FALSE
,99,8,17,120,131,FALSE,FALSE
,100,7,18,120,131,FALSE,FALSE
,100,6,19,120,131,FALSE,FALSE
,100,5,20,120,131,FALSE,TRUE
,0,55,1,132,143,TRUE,FALSE
,0,54,2,132,143,FALSE,FALSE
,0,53,2,132,143,FALSE,FALSE
,0,52,2,132,143,FALSE,FALSE
,0,51,2,132,143,FALSE,FALSE
,0,50,2,132,143,FALSE,FALSE
,0,49,2,132,143,FALSE,FALSE
,0,48,2,132,143,FALSE,FALSE
,0,47,2,132,143,FALSE,FALSE
,0,46,2,132,143,FALSE,FALSE
,0,45,2,132,143,FALSE,FALSE
,1,44,3,132,143,FALSE,FALSE
,1,43,3,132,143,FALSE,FALSE
,1,42,3,132,143,FALSE,FALSE
,1,41,3,132,143,FALSE,FALSE
,1,40,3,132,143,FALSE,FALSE
,1,39,3,132,143,FALSE,FALSE
,1,38,3,132,143,FALSE,FALSE
,1,37,3,132,143,FALSE,FALSE
,1,36,3,132,143,FALSE,FALSE
,1,35,3,132,143,FALSE,FALSE
,2,34,4,132,143,FALSE,FALSE
,2,33,4,132,143,FALSE,FALSE
,2,32,4,132,143,FALSE,FALSE
,2,31,4,132,143,FALSE,FALSE
,2,30,4,132,143,FALSE,FALSE
,2,29,4,132,143,FALSE,FALSE
,2,28,4,132,143,FALSE,FALSE
,2,27,4,132,143,FALSE,FALSE
,5,26,5,132,143,FALSE,FALSE
,5,25,5,132,143,FALSE,FALSE
,5,24,5,132,143,FALSE,FALSE
,5,23,5,132,143,FALSE,FALSE
,5,22,5,132,143,FALSE,FALSE
,9,21,6,132,143,FALSE,FALSE
,9,20,6,132,143,FALSE,FALSE
,16,19,7,132,143,FALSE,FALSE
,16,18,7,132,143,FALSE,FALSE
,25,17,8,132,143,FALSE,FALSE
,37,16,9,132,143,FALSE,FALSE
,50,15,10,132,143,FALSE,FALSE
,63,14,11,132,143,FALSE,FALSE
,75,13,12,132,143,FALSE,FALSE
,84,12,13,132,143,FALSE,FALSE
,91,11,14,132,143,FALSE,FALSE
,95,10,15,132,143,FALSE,FALSE
,98,9,16,132,143,FALSE,FALSE
,99,8,17,132,143,FALSE,FALSE
,100,7,18,132,143,FALSE,FALSE
,100,6,19,132,143,FALSE,FALSE
,100,5,20,132,143,FALSE,TRUE
,0,27,1,156,167,TRUE,FALSE
,0,26,2,156,167,FALSE,FALSE
,0,25,2,156,167,FALSE,FALSE
,0,24,2,156,167,FALSE,FALSE
,0,23,2,156,167,FALSE,FALSE
,1,22,3,156,167,FALSE,FALSE
,1,21,3,156,167,FALSE,FALSE
,1,20,3,156,167,FALSE,FALSE
,2,19,4,156,167,FALSE,FALSE
,5,18,5,156,167,FALSE,FALSE
,9,17,6,156,167,FALSE,FALSE
,16,16,7,156,167,FALSE,FALSE
,25,15,8,156,167,FALSE,FALSE
,37,14,9,156,167,FALSE,FALSE
,50,13,10,156,167,FALSE,FALSE
,63,12,11,156,167,FALSE,FALSE
,75,11,12,156,167,FALSE,FALSE
,84,10,13,156,167,FALSE,FALSE
,91,9,14,156,167,FALSE,FALSE
,95,8,15,156,167,FALSE,FALSE
,98,7,16,156,167,FALSE,FALSE
,99,6,17,156,167,FALSE,FALSE
,100,5,18,156,167,FALSE,TRUE
,0,24,1,168,179,TRUE,FALSE
,0,23,2,168,179,FALSE,FALSE
,0,22,2,168,179,FALSE,FALSE
,0,21,2,168,179,FALSE,FALSE
,0,20,2,168,179,FALSE,FALSE
,1,19,3,168,179,FALSE,FALSE
,2,18,4,168,179,FALSE,FALSE
,5,17,5,168,179,FALSE,FALSE
,9,16,6,168,179,FALSE,FALSE
,16,15,7,168,179,FALSE,FALSE
,25,14,8,168,179,FALSE,FALSE
,37,13,9,168,179,FALSE,FALSE
,50,12,10,168,179,FALSE,FALSE
,63,11,11,168,179,FALSE,FALSE
,75,10,12,168,179,FALSE,FALSE
,84,9,13,168,179,FALSE,FALSE
,91,8,14,168,179,FALSE,FALSE
,95,7,15,168,179,FALSE,FALSE
,98,6,16,168,179,FALSE,FALSE
,99,5,17,168,179,FALSE,TRUE
,0,24,1,180,299,TRUE,FALSE
,0,23,2,180,299,FALSE,FALSE
,0,22,2,180,299,FALSE,FALSE
,0,21,2,180,299,FALSE,FALSE
,0,20,2,180,299,FALSE,FALSE
,1,19,3,180,299,FALSE,FALSE
,2,18,4,180,299,FALSE,FALSE
,5,17,5,180,299,FALSE,FALSE
,9,16,6,180,299,FALSE,FALSE
,16,15,7,180,299,FALSE,FALSE
,25,14,8,180,299,FALSE,FALSE
,37,13,9,180,299,FALSE,FALSE
,50,12,10,180,299,FALSE,FALSE
,63,11,11,180,299,FALSE,FALSE
,75,10,12,180,299,FALSE,FALSE
,84,9,13,180,299,FALSE,FALSE
,91,8,14,180,299,FALSE,FALSE
,95,7,15,180,299,FALSE,FALSE
,98,6,16,180,299,FALSE,FALSE
,99,5,17,180,299,FALSE,TRUE